John,30
John,30
John,Doe,37,Male,39900
John,Doe,37,Male,39900
John,Doe,37,Male,39900
John,Doe,37,Male,39900
John,Doe,37,Male,39900
John,Doe,37,Male,39900
John,Doe,37,Male,39900
John,Doe,37,Male,39900
John,Doe,37,Male,39900
John,Doe,37,Male,39900
John,Doe,37,Male,39900
John,Doe,37,Male,39900
John,Doe,37,Male,39900
John,Doe,37,Male,39900
John,Doe,37,Male,39900
John,Doe,37,Male,39900
John,Doe,37,Male,39900
John,Doe,37,Male,39900
John,Doe,37,Male,39900
John,Doe,37,Male,39900
John,Doe,37,Male,39900
John,Doe,37,Male,39900
